Workbook

Sheet Surahs
A1: A: Surah Number | B1: B: Verse Count | C1: C: A + B | D1: D: Even (A+B) | E1: E: Odd (A+B) | F1: F: Surah if Even | G1: G: Verses if Odd | H1: H: Even-Even | I1: I: Even-Odd | J1: J: Odd-Even | K1: K: Odd-Odd | L1: Surah Name
A2: 1 | B2: 7 | C2: =A2+B2 -> 8 | D2: =IF(MOD(C2,2)=0,C2,"") -> 8 | E2: =IF(MOD(C2,2)=1,C2,"") | F2: =IF(MOD(C2,2)=0,A2,"") -> 1 | G2: =IF(MOD(C2,2)=1,B2,"") | H2: =IF(AND(MOD(A2,2)=0,MOD(B2,2)=0),1,"") | I2: =IF(AND(MOD(A2,2)=0,MOD(B2,2)=1),1,"") | J2: =IF(AND(MOD(A2,2)=1,MOD(B2,2)=0),1,"") | K2: =IF(AND(MOD(A2,2)=1,MOD(B2,2)=1),1,"") -> 1 | L2: Al-Fatihah
A3: 2 | B3: 286 | C3: =A3+B3 -> 288 | D3: =IF(MOD(C3,2)=0,C3,"") -> 288 | E3: =IF(MOD(C3,2)=1,C3,"") | F3: =IF(MOD(C3,2)=0,A3,"") -> 2 | G3: =IF(MOD(C3,2)=1,B3,"") | H3: =IF(AND(MOD(A3,2)=0,MOD(B3,2)=0),1,"") -> 1 | I3: =IF(AND(MOD(A3,2)=0,MOD(B3,2)=1),1,"") | J3: =IF(AND(MOD(A3,2)=1,MOD(B3,2)=0),1,"") | K3: =IF(AND(MOD(A3,2)=1,MOD(B3,2)=1),1,"") | L3: Al-Baqarah
A4: 3 | B4: 200 | C4: =A4+B4 -> 203 | D4: =IF(MOD(C4,2)=0,C4,"") | E4: =IF(MOD(C4,2)=1,C4,"") -> 203 | F4: =IF(MOD(C4,2)=0,A4,"") | G4: =IF(MOD(C4,2)=1,B4,"") -> 200 | H4: =IF(AND(MOD(A4,2)=0,MOD(B4,2)=0),1,"") | I4: =IF(AND(MOD(A4,2)=0,MOD(B4,2)=1),1,"") | J4: =IF(AND(MOD(A4,2)=1,MOD(B4,2)=0),1,"") -> 1 | K4: =IF(AND(MOD(A4,2)=1,MOD(B4,2)=1),1,"") | L4: Ali 'Imran
A5: 4 | B5: 176 | C5: =A5+B5 -> 180 | D5: =IF(MOD(C5,2)=0,C5,"") -> 180 | E5: =IF(MOD(C5,2)=1,C5,"") | F5: =IF(MOD(C5,2)=0,A5,"") -> 4 | G5: =IF(MOD(C5,2)=1,B5,"") | H5: =IF(AND(MOD(A5,2)=0,MOD(B5,2)=0),1,"") -> 1 | I5: =IF(AND(MOD(A5,2)=0,MOD(B5,2)=1),1,"") | J5: =IF(AND(MOD(A5,2)=1,MOD(B5,2)=0),1,"") | K5: =IF(AND(MOD(A5,2)=1,MOD(B5,2)=1),1,"") | L5: An-Nisa
A6: 5 | B6: 120 | C6: =A6+B6 -> 125 | D6: =IF(MOD(C6,2)=0,C6,"") | E6: =IF(MOD(C6,2)=1,C6,"") -> 125 | F6: =IF(MOD(C6,2)=0,A6,"") | G6: =IF(MOD(C6,2)=1,B6,"") -> 120 | H6: =IF(AND(MOD(A6,2)=0,MOD(B6,2)=0),1,"") | I6: =IF(AND(MOD(A6,2)=0,MOD(B6,2)=1),1,"") | J6: =IF(AND(MOD(A6,2)=1,MOD(B6,2)=0),1,"") -> 1 | K6: =IF(AND(MOD(A6,2)=1,MOD(B6,2)=1),1,"") | L6: Al-Ma'idah
A7: 6 | B7: 165 | C7: =A7+B7 -> 171 | D7: =IF(MOD(C7,2)=0,C7,"") | E7: =IF(MOD(C7,2)=1,C7,"") -> 171 | F7: =IF(MOD(C7,2)=0,A7,"") | G7: =IF(MOD(C7,2)=1,B7,"") -> 165 | H7: =IF(AND(MOD(A7,2)=0,MOD(B7,2)=0),1,"") | I7: =IF(AND(MOD(A7,2)=0,MOD(B7,2)=1),1,"") -> 1 | J7: =IF(AND(MOD(A7,2)=1,MOD(B7,2)=0),1,"") | K7: =IF(AND(MOD(A7,2)=1,MOD(B7,2)=1),1,"") | L7: Al-An'am
A8: 7 | B8: 206 | C8: =A8+B8 -> 213 | D8: =IF(MOD(C8,2)=0,C8,"") | E8: =IF(MOD(C8,2)=1,C8,"") -> 213 | F8: =IF(MOD(C8,2)=0,A8,"") | G8: =IF(MOD(C8,2)=1,B8,"") -> 206 | H8: =IF(AND(MOD(A8,2)=0,MOD(B8,2)=0),1,"") | I8: =IF(AND(MOD(A8,2)=0,MOD(B8,2)=1),1,"") | J8: =IF(AND(MOD(A8,2)=1,MOD(B8,2)=0),1,"") -> 1 | K8: =IF(AND(MOD(A8,2)=1,MOD(B8,2)=1),1,"") | L8: Al-A'raf
A9: 8 | B9: 75 | C9: =A9+B9 -> 83 | D9: =IF(MOD(C9,2)=0,C9,"") | E9: =IF(MOD(C9,2)=1,C9,"") -> 83 | F9: =IF(MOD(C9,2)=0,A9,"") | G9: =IF(MOD(C9,2)=1,B9,"") -> 75 | H9: =IF(AND(MOD(A9,2)=0,MOD(B9,2)=0),1,"") | I9: =IF(AND(MOD(A9,2)=0,MOD(B9,2)=1),1,"") -> 1 | J9: =IF(AND(MOD(A9,2)=1,MOD(B9,2)=0),1,"") | K9: =IF(AND(MOD(A9,2)=1,MOD(B9,2)=1),1,"") | L9: Al-Anfal
A10: 9 | B10: 129 | C10: =A10+B10 -> 138 | D10: =IF(MOD(C10,2)=0,C10,"") -> 138 | E10: =IF(MOD(C10,2)=1,C10,"") | F10: =IF(MOD(C10,2)=0,A10,"") -> 9 | G10: =IF(MOD(C10,2)=1,B10,"") | H10: =IF(AND(MOD(A10,2)=0,MOD(B10,2)=0),1,"") | I10: =IF(AND(MOD(A10,2)=0,MOD(B10,2)=1),1,"") | J10: =IF(AND(MOD(A10,2)=1,MOD(B10,2)=0),1,"") | K10: =IF(AND(MOD(A10,2)=1,MOD(B10,2)=1),1,"") -> 1 | L10: At-Tawbah
A11: 10 | B11: 109 | C11: =A11+B11 -> 119 | D11: =IF(MOD(C11,2)=0,C11,"") | E11: =IF(MOD(C11,2)=1,C11,"") -> 119 | F11: =IF(MOD(C11,2)=0,A11,"") | G11: =IF(MOD(C11,2)=1,B11,"") -> 109 | H11: =IF(AND(MOD(A11,2)=0,MOD(B11,2)=0),1,"") | I11: =IF(AND(MOD(A11,2)=0,MOD(B11,2)=1),1,"") -> 1 | J11: =IF(AND(MOD(A11,2)=1,MOD(B11,2)=0),1,"") | K11: =IF(AND(MOD(A11,2)=1,MOD(B11,2)=1),1,"") | L11: Yunus
A12: 11 | B12: 123 | C12: =A12+B12 -> 134 | D12: =IF(MOD(C12,2)=0,C12,"") -> 134 | E12: =IF(MOD(C12,2)=1,C12,"") | F12: =IF(MOD(C12,2)=0,A12,"") -> 11 | G12: =IF(MOD(C12,2)=1,B12,"") | H12: =IF(AND(MOD(A12,2)=0,MOD(B12,2)=0),1,"") | I12: =IF(AND(MOD(A12,2)=0,MOD(B12,2)=1),1,"") | J12: =IF(AND(MOD(A12,2)=1,MOD(B12,2)=0),1,"") | K12: =IF(AND(MOD(A12,2)=1,MOD(B12,2)=1),1,"") -> 1 | L12: Hud
A13: 12 | B13: 111 | C13: =A13+B13 -> 123 | D13: =IF(MOD(C13,2)=0,C13,"") | E13: =IF(MOD(C13,2)=1,C13,"") -> 123 | F13: =IF(MOD(C13,2)=0,A13,"") | G13: =IF(MOD(C13,2)=1,B13,"") -> 111 | H13: =IF(AND(MOD(A13,2)=0,MOD(B13,2)=0),1,"") | I13: =IF(AND(MOD(A13,2)=0,MOD(B13,2)=1),1,"") -> 1 | J13: =IF(AND(MOD(A13,2)=1,MOD(B13,2)=0),1,"") | K13: =IF(AND(MOD(A13,2)=1,MOD(B13,2)=1),1,"") | L13: Yusuf
... A115: 114 | B115: 6 | C115: =A115+B115 -> 120 | D115: =IF(MOD(C115,2)=0,C115,"") -> 120 | E115: =IF(MOD(C115,2)=1,C115,"") | F115: =IF(MOD(C115,2)=0,A115,"") -> 114 | G115: =IF(MOD(C115,2)=1,B115,"") | H115: =IF(AND(MOD(A115,2)=0,MOD(B115,2)=0),1,"") -> 1 | I115: =IF(AND(MOD(A115,2)=0,MOD(B115,2)=1),1,"") | J115: =IF(AND(MOD(A115,2)=1,MOD(B115,2)=0),1,"") | K115: =IF(AND(MOD(A115,2)=1,MOD(B115,2)=1),1,"") | L115: An-Nas
A116: =SUM(A2:A115) -> 6555 | B116: =SUM(B2:B115) -> 6236 | D116: =SUM(D2:D115) -> 6236 | E116: =SUM(E2:E115) -> 6555 | F116: =SUM(F2:F115) -> 3303 | G116: =SUM(G2:G115) -> 3303 | L116: ← TOTAL (SUM)
D117: =COUNT(D2:D115) -> 57 | E117: =COUNT(E2:E115) -> 57 | H117: =COUNT(H2:H115) -> 30 | I117: =COUNT(I2:I115) -> 27 | J117: =COUNT(J2:J115) -> 30 | K117: =COUNT(K2:K115) -> 27 | L117: ← COUNT

Sheet Checks
A1: Quran Checksum: verify it yourself
A2: Every number below is a formula that reads the "Surahs" sheet. Columns C-K there are formulas too: only A (surah number) and B (verse count) are typed in. Change any verse count to see which checks break.
A4: Pattern | B4: Claim | C4: Left side | D4: Right side | E4: Equal?
A5: Core Fact 1: Sum Balance (Patterns 1 & 3)
A6: Pattern 3 | B6: Σ surah numbers where A+B is even (F) = Σ verse counts where A+B is odd (G) | C6: =Surahs!F116 -> 3303 | D6: =Surahs!G116 -> 3303 | E6: =C6=D6 -> TRUE
A7: Pattern 1 | B7: Σ (A+B) where even (D) = total verse count (B) | C7: =Surahs!D116 -> 6236 | D7: =Surahs!B116 -> 6236 | E7: =C7=D7 -> TRUE
A8: Pattern 1 | B8: Σ (A+B) where odd (E) = sum of surah numbers (A) | C8: =Surahs!E116 -> 6555 | D8: =Surahs!A116 -> 6555 | E8: =C8=D8 -> TRUE
A10: Core Fact 2: Parity Balance (Patterns 2 & 4)
A11: Pattern 4 | B11: COUNT even surah & even verses (H) = COUNT odd surah & even verses (J) | C11: =Surahs!H117 -> 30 | D11: =Surahs!J117 -> 30 | E11: =C11=D11 -> TRUE
A12: Pattern 4 | B12: COUNT even surah & odd verses (I) = COUNT odd surah & odd verses (K) | C12: =Surahs!I117 -> 27 | D12: =Surahs!K117 -> 27 | E12: =C12=D12 -> TRUE
A13: Pattern 2 | B13: COUNT where A+B is even (D) = COUNT where A+B is odd (E) | C13: =Surahs!D117 -> 57 | D13: =Surahs!E117 -> 57 | E13: =C13=D13 -> TRUE
B15: All checks pass | E15: =AND(E6,E7,E8,E11,E12,E13) -> TRUE
